<application>
  <component name="ProjectJdkTable">
    <jdk version="2">
      <name value="Python 3.7 (venv)" />
      <type value="Python SDK" />
      <version value="Python 3.7.0" />
      <homePath value="E:\OneDrive - Aarhus universitet\codeTest\venv\Scripts\python.exe" />
      <roots>
        <classPath>
          <root type="composite">
            <root url="file://E:/program_files/Anaconda3/DLLs" type="simple" />
            <root url="file://E:/program_files/Anaconda3/Lib" type="simple" />
            <root url="file://E:/program_files/Anaconda3" type="simple" />
            <root url="file://E:/OneDrive - Aarhus universitet/codeTest/venv" type="simple" />
            <root url="file://E:/OneDrive - Aarhus universitet/codeTest/venv/Lib/site-packages" type="simple" />
            <root url="jar://E:/OneDrive - Aarhus universitet/codeTest/venv/Lib/site-packages/setuptools-39.1.0-py3.7.egg!/" type="simple" />
            <root url="file://E:/OneDrive - Aarhus universitet/codeTest/venv/Lib/site-packages/pip-10.0.1-py3.7.egg" type="simple" />
            <root url="file://$USER_HOME$/.PyCharm2018.3/system/python_stubs/-1517781189" type="simple" />
            <root url="file://$APPLICATION_HOME_DIR$/helpers/python-skeletons" type="simple" />
            <root url="file://$APPLICATION_HOME_DIR$/helpers/typeshed/stdlib/3" type="simple" />
            <root url="file://$APPLICATION_HOME_DIR$/helpers/typeshed/stdlib/2and3" type="simple" />
            <root url="file://$APPLICATION_HOME_DIR$/helpers/typeshed/third_party/3" type="simple" />
            <root url="file://$APPLICATION_HOME_DIR$/helpers/typeshed/third_party/2and3" type="simple" />
          </root>
        </classPath>
        <sourcePath>
          <root type="composite" />
        </sourcePath>
      </roots>
      <additional />
    </jdk>
  </component>
</application>