<application>
  <component name="PyTestFrameworkService">
    <option name="SDK_TO_PYTEST">
      <map>
        <entry key="E:\OneDrive - Aarhus universitet\codeTest\venv\Scripts\python.exe" value="false" />
      </map>
    </option>
    <option name="SDK_TO_NOSETEST">
      <map>
        <entry key="E:\OneDrive - Aarhus universitet\codeTest\venv\Scripts\python.exe" value="false" />
      </map>
    </option>
    <option name="SDK_TO_TRIALTEST">
      <map>
        <entry key="E:\OneDrive - Aarhus universitet\codeTest\venv\Scripts\python.exe" value="false" />
      </map>
    </option>
  </component>
</application>